t,x_num,y_num,vx_num,vy_num,x_anal,y_anal,vx_anal,vy_anal
0,0,0,1,0,0,0,1,0
0.01,0.01,5e-05,1,0.01,0.01,5e-05,1,0.01
0.03,0.02,0.0002,1,0.02,0.03,0.00045,1,0.03
0.05,0.03,0.00045,1,0.03,0.05,0.00125,1,0.05
0.07,0.04,0.0008,1,0.04,0.07,0.00245,1,0.07
0.09,0.05,0.00125,1,0.05,0.09,0.00405,1,0.09
0.11,0.06,0.0018,1,0.06,0.11,0.00605,1,0.11
0.13,0.07,0.00245,1,0.07,0.13,0.00845,1,0.13
0.15,0.08,0.0032,1,0.08,0.15,0.01125,1,0.15
0.17,0.09,0.00405,1,0.09,0.17,0.01445,1,0.17
0.19,0.1,0.005,1,0.1,0.19,0.01805,1,0.19
0.21,0.11,0.00605,1,0.11,0.21,0.02205,1,0.21
0.23,0.12,0.0072,1,0.12,0.23,0.02645,1,0.23
0.25,0.13,0.00845,1,0.13,0.25,0.03125,1,0.25
0.27,0.14,0.0098,1,0.14,0.27,0.03645,1,0.27
0.29,0.15,0.01125,1,0.15,0.29,0.04205,1,0.29
0.31,0.16,0.0128,1,0.16,0.31,0.04805,1,0.31
0.33,0.17,0.01445,1,0.17,0.33,0.05445,1,0.33
0.35,0.18,0.0162,1,0.18,0.35,0.06125,1,0.35
0.37,0.19,0.01805,1,0.19,0.37,0.06845,1,0.37
0.39,0.2,0.02,1,0.2,0.39,0.07605,1,0.39
0.41,0.21,0.02205,1,0.21,0.41,0.08405,1,0.41
0.43,0.22,0.0242,1,0.22,0.43,0.09245,1,0.43
0.45,0.23,0.02645,1,0.23,0.45,0.10125,1,0.45
0.47,0.24,0.0288,1,0.24,0.47,0.11045,1,0.47
0.49,0.25,0.03125,1,0.25,0.49,0.12005,1,0.49
0.51,0.26,0.0338,1,0.26,0.51,0.13005,1,0.51
0.53,0.27,0.03645,1,0.27,0.53,0.14045,1,0.53
0.55,0.28,0.0392,1,0.28,0.55,0.15125,1,0.55
0.57,0.29,0.04205,1,0.29,0.57,0.16245,1,0.57
0.59,0.3,0.045,1,0.3,0.59,0.17405,1,0.59
0.61,0.31,0.04805,1,0.31,0.61,0.18605,1,0.61
0.63,0.32,0.0512,1,0.32,0.63,0.19845,1,0.63
0.65,0.33,0.05445,1,0.33,0.65,0.21125,1,0.65
0.67,0.34,0.0578,1,0.34,0.67,0.22445,1,0.67
0.69,0.35,0.06125,1,0.35,0.69,0.23805,1,0.69
0.71,0.36,0.0648,1,0.36,0.71,0.25205,1,0.71
0.73,0.37,0.06845,1,0.37,0.73,0.26645,1,0.73
0.75,0.38,0.0722,1,0.38,0.75,0.28125,1,0.75
0.77,0.39,0.07605,1,0.39,0.77,0.29645,1,0.77
0.79,0.4,0.08,1,0.4,0.79,0.31205,1,0.79
0.81,0.41,0.08405,1,0.41,0.81,0.32805,1,0.81
0.83,0.42,0.0882,1,0.42,0.83,0.34445,1,0.83
0.85,0.43,0.09245,1,0.43,0.85,0.36125,1,0.85
0.87,0.44,0.0968,1,0.44,0.87,0.37845,1,0.87
0.89,0.45,0.10125,1,0.45,0.89,0.39605,1,0.89
0.91,0.46,0.1058,1,0.46,0.91,0.41405,1,0.91
0.93,0.47,0.11045,1,0.47,0.93,0.43245,1,0.93
0.95,0.48,0.1152,1,0.48,0.95,0.45125,1,0.95
0.97,0.49,0.12005,1,0.49,0.97,0.47045,1,0.97
0.99,0.5,0.125,1,0.5,0.99,0.49005,1,0.99
1.01,0.51,0.13005,1,0.51,1.01,0.51005,1,1.01
1.03,0.52,0.1352,1,0.52,1.03,0.53045,1,1.03
1.05,0.53,0.14045,1,0.53,1.05,0.55125,1,1.05
1.07,0.54,0.1458,1,0.54,1.07,0.57245,1,1.07
1.09,0.55,0.15125,1,0.55,1.09,0.59405,1,1.09
1.11,0.56,0.1568,1,0.56,1.11,0.61605,1,1.11
1.13,0.57,0.16245,1,0.57,1.13,0.63845,1,1.13
1.15,0.58,0.1682,1,0.58,1.15,0.66125,1,1.15
1.17,0.59,0.17405,1,0.59,1.17,0.68445,1,1.17
1.19,0.6,0.18,1,0.6,1.19,0.70805,1,1.19
1.21,0.61,0.18605,1,0.61,1.21,0.73205,1,1.21
1.23,0.62,0.1922,1,0.62,1.23,0.75645,1,1.23
1.25,0.63,0.19845,1,0.63,1.25,0.78125,1,1.25
1.27,0.64,0.2048,1,0.64,1.27,0.80645,1,1.27
1.29,0.65,0.21125,1,0.65,1.29,0.83205,1,1.29
1.31,0.66,0.2178,1,0.66,1.31,0.85805,1,1.31
1.33,0.67,0.22445,1,0.67,1.33,0.88445,1,1.33
1.35,0.68,0.2312,1,0.68,1.35,0.91125,1,1.35
1.37,0.69,0.23805,1,0.69,1.37,0.93845,1,1.37
1.39,0.7,0.245,1,0.7,1.39,0.96605,1,1.39
1.41,0.71,0.25205,1,0.71,1.41,0.99405,1,1.41
1.43,0.72,0.2592,1,0.72,1.43,1.02245,1,1.43
1.45,0.73,0.26645,1,0.73,1.45,1.05125,1,1.45
1.47,0.74,0.2738,1,0.74,1.47,1.08045,1,1.47
1.49,0.75,0.28125,1,0.75,1.49,1.11005,1,1.49
1.51,0.76,0.2888,1,0.76,1.51,1.14005,1,1.51
1.53,0.77,0.29645,1,0.77,1.53,1.17045,1,1.53
1.55,0.78,0.3042,1,0.78,1.55,1.20125,1,1.55
1.57,0.79,0.31205,1,0.79,1.57,1.23245,1,1.57
1.59,0.8,0.32,1,0.8,1.59,1.26405,1,1.59
1.61,0.81,0.32805,1,0.81,1.61,1.29605,1,1.61
1.63,0.82,0.3362,1,0.82,1.63,1.32845,1,1.63
1.65,0.83,0.34445,1,0.83,1.65,1.36125,1,1.65
1.67,0.84,0.3528,1,0.84,1.67,1.39445,1,1.67
1.69,0.85,0.36125,1,0.85,1.69,1.42805,1,1.69
1.71,0.86,0.3698,1,0.86,1.71,1.46205,1,1.71
1.73,0.87,0.37845,1,0.87,1.73,1.49645,1,1.73
1.75,0.88,0.3872,1,0.88,1.75,1.53125,1,1.75
1.77,0.89,0.39605,1,0.89,1.77,1.56645,1,1.77
1.79,0.9,0.405,1,0.9,1.79,1.60205,1,1.79
1.81,0.91,0.41405,1,0.91,1.81,1.63805,1,1.81
1.83,0.92,0.4232,1,0.92,1.83,1.67445,1,1.83
1.85,0.93,0.43245,1,0.93,1.85,1.71125,1,1.85
1.87,0.94,0.4418,1,0.94,1.87,1.74845,1,1.87
1.89,0.95,0.45125,1,0.95,1.89,1.78605,1,1.89
1.91,0.96,0.4608,1,0.96,1.91,1.82405,1,1.91
1.93,0.97,0.47045,1,0.97,1.93,1.86245,1,1.93
1.95,0.98,0.4802,1,0.98,1.95,1.90125,1,1.95
1.97,0.99,0.49005,1,0.99,1.97,1.94045,1,1.97
1.99,1,0.5,1,1,1.99,1.98005,1,1.99
2.01,1.01,0.51005,1,1.01,2.01,2.02005,1,2.01
2.03,1.02,0.5202,1,1.02,2.03,2.06045,1,2.03
2.05,1.03,0.53045,1,1.03,2.05,2.10125,1,2.05
2.07,1.04,0.5408,1,1.04,2.07,2.14245,1,2.07
2.09,1.05,0.55125,1,1.05,2.09,2.18405,1,2.09
2.11,1.06,0.5618,1,1.06,2.11,2.22605,1,2.11
2.13,1.07,0.57245,1,1.07,2.13,2.26845,1,2.13
2.15,1.08,0.5832,1,1.08,2.15,2.31125,1,2.15
2.17,1.09,0.59405,1,1.09,2.17,2.35445,1,2.17
2.19,1.1,0.605,1,1.1,2.19,2.39805,1,2.19
2.21,1.11,0.61605,1,1.11,2.21,2.44205,1,2.21
2.23,1.12,0.6272,1,1.12,2.23,2.48645,1,2.23
2.25,1.13,0.63845,1,1.13,2.25,2.53125,1,2.25
2.27,1.14,0.6498,1,1.14,2.27,2.57645,1,2.27
2.29,1.15,0.66125,1,1.15,2.29,2.62205,1,2.29
2.31,1.16,0.6728,1,1.16,2.31,2.66805,1,2.31
2.33,1.17,0.68445,1,1.17,2.33,2.71445,1,2.33
2.35,1.18,0.6962,1,1.18,2.35,2.76125,1,2.35
2.37,1.19,0.70805,1,1.19,2.37,2.80845,1,2.37
2.39,1.2,0.72,1,1.2,2.39,2.85605,1,2.39
2.41,1.21,0.73205,1,1.21,2.41,2.90405,1,2.41
2.43,1.22,0.7442,1,1.22,2.43,2.95245,1,2.43
2.45,1.23,0.75645,1,1.23,2.45,3.00125,1,2.45
2.47,1.24,0.7688,1,1.24,2.47,3.05045,1,2.47
2.49,1.25,0.78125,1,1.25,2.49,3.10005,1,2.49
2.51,1.26,0.7938,1,1.26,2.51,3.15005,1,2.51
2.53,1.27,0.80645,1,1.27,2.53,3.20045,1,2.53
2.55,1.28,0.8192,1,1.28,2.55,3.25125,1,2.55
2.57,1.29,0.83205,1,1.29,2.57,3.30245,1,2.57
2.59,1.3,0.845,1,1.3,2.59,3.35405,1,2.59
2.61,1.31,0.85805,1,1.31,2.61,3.40605,1,2.61
2.63,1.32,0.8712,1,1.32,2.63,3.45845,1,2.63
2.65,1.33,0.88445,1,1.33,2.65,3.51125,1,2.65
2.67,1.34,0.8978,1,1.34,2.67,3.56445,1,2.67
2.69,1.35,0.91125,1,1.35,2.69,3.61805,1,2.69
2.71,1.36,0.9248,1,1.36,2.71,3.67205,1,2.71
2.73,1.37,0.93845,1,1.37,2.73,3.72645,1,2.73
2.75,1.38,0.9522,1,1.38,2.75,3.78125,1,2.75
2.77,1.39,0.96605,1,1.39,2.77,3.83645,1,2.77
2.79,1.4,0.98,1,1.4,2.79,3.89205,1,2.79
2.81,1.41,0.99405,1,1.41,2.81,3.94805,1,2.81
2.83,1.42,1.0082,1,1.42,2.83,4.00445,1,2.83
2.85,1.43,1.02245,1,1.43,2.85,4.06125,1,2.85
2.87,1.44,1.0368,1,1.44,2.87,4.11845,1,2.87
2.89,1.45,1.05125,1,1.45,2.89,4.17605,1,2.89
2.91,1.46,1.0658,1,1.46,2.91,4.23405,1,2.91
2.93,1.47,1.08045,1,1.47,2.93,4.29245,1,2.93
2.95,1.48,1.0952,1,1.48,2.95,4.35125,1,2.95
2.97,1.49,1.11005,1,1.49,2.97,4.41045,1,2.97
2.99,1.5,1.125,1,1.5,2.99,4.47005,1,2.99
3.01,1.51,1.14005,1,1.51,3.01,4.53005,1,3.01
3.03,1.52,1.1552,1,1.52,3.03,4.59045,1,3.03
3.05,1.53,1.17045,1,1.53,3.05,4.65125,1,3.05
3.07,1.54,1.1858,1,1.54,3.07,4.71245,1,3.07
3.09,1.55,1.20125,1,1.55,3.09,4.77405,1,3.09
3.11,1.56,1.2168,1,1.56,3.11,4.83605,1,3.11
3.13,1.57,1.23245,1,1.57,3.13,4.89845,1,3.13
3.15,1.58,1.2482,1,1.58,3.15,4.96125,1,3.15
3.17,1.59,1.26405,1,1.59,3.17,5.02445,1,3.17
3.19,1.6,1.28,1,1.6,3.19,5.08805,1,3.19
3.21,1.61,1.29605,1,1.61,3.21,5.15205,1,3.21
3.23,1.62,1.3122,1,1.62,3.23,5.21645,1,3.23
3.25,1.63,1.32845,1,1.63,3.25,5.28125,1,3.25
3.27,1.64,1.3448,1,1.64,3.27,5.34645,1,3.27
3.29,1.65,1.36125,1,1.65,3.29,5.41205,1,3.29
3.31,1.66,1.3778,1,1.66,3.31,5.47805,1,3.31
3.33,1.67,1.39445,1,1.67,3.33,5.54445,1,3.33
3.35,1.68,1.4112,1,1.68,3.35,5.61125,1,3.35
3.37,1.69,1.42805,1,1.69,3.37,5.67845,1,3.37
3.39,1.7,1.445,1,1.7,3.39,5.74605,1,3.39
3.41,1.71,1.46205,1,1.71,3.41,5.81405,1,3.41
3.43,1.72,1.4792,1,1.72,3.43,5.88245,1,3.43
3.45,1.73,1.49645,1,1.73,3.45,5.95125,1,3.45
3.47,1.74,1.5138,1,1.74,3.47,6.02045,1,3.47
3.49,1.75,1.53125,1,1.75,3.49,6.09005,1,3.49
3.51,1.76,1.5488,1,1.76,3.51,6.16005,1,3.51
3.53,1.77,1.56645,1,1.77,3.53,6.23045,1,3.53
3.55,1.78,1.5842,1,1.78,3.55,6.30125,1,3.55
3.57,1.79,1.60205,1,1.79,3.57,6.37245,1,3.57
3.59,1.8,1.62,1,1.8,3.59,6.44405,1,3.59
3.61,1.81,1.63805,1,1.81,3.61,6.51605,1,3.61
3.63,1.82,1.6562,1,1.82,3.63,6.58845,1,3.63
3.65,1.83,1.67445,1,1.83,3.65,6.66125,1,3.65
3.67,1.84,1.6928,1,1.84,3.67,6.73445,1,3.67
3.69,1.85,1.71125,1,1.85,3.69,6.80805,1,3.69
3.71,1.86,1.7298,1,1.86,3.71,6.88205,1,3.71
3.73,1.87,1.74845,1,1.87,3.73,6.95645,1,3.73
3.75,1.88,1.7672,1,1.88,3.75,7.03125,1,3.75
3.77,1.89,1.78605,1,1.89,3.77,7.10645,1,3.77
3.79,1.9,1.805,1,1.9,3.79,7.18205,1,3.79
3.81,1.91,1.82405,1,1.91,3.81,7.25805,1,3.81
3.83,1.92,1.8432,1,1.92,3.83,7.33445,1,3.83
3.85,1.93,1.86245,1,1.93,3.85,7.41125,1,3.85
3.87,1.94,1.8818,1,1.94,3.87,7.48845,1,3.87
3.89,1.95,1.90125,1,1.95,3.89,7.56605,1,3.89
3.91,1.96,1.9208,1,1.96,3.91,7.64405,1,3.91
3.93,1.97,1.94045,1,1.97,3.93,7.72245,1,3.93
3.95,1.98,1.9602,1,1.98,3.95,7.80125,1,3.95
3.97,1.99,1.98005,1,1.99,3.97,7.88045,1,3.97
3.99,2,2,1,2,3.99,7.96005,1,3.99
4.01,2.01,2.02005,1,2.01,4.01,8.04005,1,4.01
4.03,2.02,2.0402,1,2.02,4.03,8.12045,1,4.03
4.05,2.03,2.06045,1,2.03,4.05,8.20125,1,4.05
4.07,2.04,2.0808,1,2.04,4.07,8.28245,1,4.07
4.09,2.05,2.10125,1,2.05,4.09,8.36405,1,4.09
4.11,2.06,2.1218,1,2.06,4.11,8.44605,1,4.11
4.13,2.07,2.14245,1,2.07,4.13,8.52845,1,4.13
4.15,2.08,2.1632,1,2.08,4.15,8.61125,1,4.15
4.17,2.09,2.18405,1,2.09,4.17,8.69445,1,4.17
4.19,2.1,2.205,1,2.1,4.19,8.77805,1,4.19
4.21,2.11,2.22605,1,2.11,4.21,8.86205,1,4.21
4.23,2.12,2.2472,1,2.12,4.23,8.94645,1,4.23
4.25,2.13,2.26845,1,2.13,4.25,9.03125,1,4.25
4.27,2.14,2.2898,1,2.14,4.27,9.11645,1,4.27
4.29,2.15,2.31125,1,2.15,4.29,9.20205,1,4.29
4.31,2.16,2.3328,1,2.16,4.31,9.28805,1,4.31
4.33,2.17,2.35445,1,2.17,4.33,9.37445,1,4.33
4.35,2.18,2.3762,1,2.18,4.35,9.46125,1,4.35
4.37,2.19,2.39805,1,2.19,4.37,9.54845,1,4.37
4.39,2.2,2.42,1,2.2,4.39,9.63605,1,4.39
4.41,2.21,2.44205,1,2.21,4.41,9.72405,1,4.41
4.43,2.22,2.4642,1,2.22,4.43,9.81245,1,4.43
4.45,2.23,2.48645,1,2.23,4.45,9.90125,1,4.45
4.47,2.24,2.5088,1,2.24,4.47,9.99045,1,4.47
4.49,2.25,2.53125,1,2.25,4.49,10.08,1,4.49
4.51,2.26,2.5538,1,2.26,4.51,10.17,1,4.51
4.53,2.27,2.57645,1,2.27,4.53,10.2604,1,4.53
4.55,2.28,2.5992,1,2.28,4.55,10.3512,1,4.55
4.57,2.29,2.62205,1,2.29,4.57,10.4424,1,4.57
4.59,2.3,2.645,1,2.3,4.59,10.534,1,4.59
4.61,2.31,2.66805,1,2.31,4.61,10.626,1,4.61
4.63,2.32,2.6912,1,2.32,4.63,10.7184,1,4.63
4.65,2.33,2.71445,1,2.33,4.65,10.8112,1,4.65
4.67,2.34,2.7378,1,2.34,4.67,10.9044,1,4.67
4.69,2.35,2.76125,1,2.35,4.69,10.998,1,4.69
4.71,2.36,2.7848,1,2.36,4.71,11.092,1,4.71
4.73,2.37,2.80845,1,2.37,4.73,11.1864,1,4.73
4.75,2.38,2.8322,1,2.38,4.75,11.2812,1,4.75
4.77,2.39,2.85605,1,2.39,4.77,11.3764,1,4.77
4.79,2.4,2.88,1,2.4,4.79,11.472,1,4.79
4.81,2.41,2.90405,1,2.41,4.81,11.568,1,4.81
4.83,2.42,2.9282,1,2.42,4.83,11.6644,1,4.83
4.85,2.43,2.95245,1,2.43,4.85,11.7612,1,4.85
4.87,2.44,2.9768,1,2.44,4.87,11.8584,1,4.87
4.89,2.45,3.00125,1,2.45,4.89,11.956,1,4.89
4.91,2.46,3.0258,1,2.46,4.91,12.054,1,4.91
4.93,2.47,3.05045,1,2.47,4.93,12.1524,1,4.93
4.95,2.48,3.0752,1,2.48,4.95,12.2512,1,4.95
4.97,2.49,3.10005,1,2.49,4.97,12.3504,1,4.97
4.99,2.5,3.125,1,2.5,4.99,12.45,1,4.99
5.01,2.51,3.15005,1,2.51,5.01,12.55,1,5.01
5.03,2.52,3.1752,1,2.52,5.03,12.6504,1,5.03
5.05,2.53,3.20045,1,2.53,5.05,12.7512,1,5.05
5.07,2.54,3.2258,1,2.54,5.07,12.8524,1,5.07
5.09,2.55,3.25125,1,2.55,5.09,12.954,1,5.09
5.11,2.56,3.2768,1,2.56,5.11,13.056,1,5.11
5.13,2.57,3.30245,1,2.57,5.13,13.1584,1,5.13
5.15,2.58,3.3282,1,2.58,5.15,13.2612,1,5.15
5.17,2.59,3.35405,1,2.59,5.17,13.3644,1,5.17
5.19,2.6,3.38,1,2.6,5.19,13.468,1,5.19
5.21,2.61,3.40605,1,2.61,5.21,13.572,1,5.21
5.23,2.62,3.4322,1,2.62,5.23,13.6764,1,5.23
5.25,2.63,3.45845,1,2.63,5.25,13.7812,1,5.25
5.27,2.64,3.4848,1,2.64,5.27,13.8864,1,5.27
5.29,2.65,3.51125,1,2.65,5.29,13.992,1,5.29
5.31,2.66,3.5378,1,2.66,5.31,14.098,1,5.31
5.33,2.67,3.56445,1,2.67,5.33,14.2044,1,5.33
5.35,2.68,3.5912,1,2.68,5.35,14.3112,1,5.35
5.37,2.69,3.61805,1,2.69,5.37,14.4184,1,5.37
5.39,2.7,3.645,1,2.7,5.39,14.526,1,5.39
5.41,2.71,3.67205,1,2.71,5.41,14.634,1,5.41
5.43,2.72,3.6992,1,2.72,5.43,14.7424,1,5.43
5.45,2.73,3.72645,1,2.73,5.45,14.8512,1,5.45
5.47,2.74,3.7538,1,2.74,5.47,14.9604,1,5.47
5.49,2.75,3.78125,1,2.75,5.49,15.07,1,5.49
5.51,2.76,3.8088,1,2.76,5.51,15.18,1,5.51
5.53,2.77,3.83645,1,2.77,5.53,15.2904,1,5.53
5.55,2.78,3.8642,1,2.78,5.55,15.4012,1,5.55
5.57,2.79,3.89205,1,2.79,5.57,15.5124,1,5.57
5.59,2.8,3.92,1,2.8,5.59,15.624,1,5.59
5.61,2.81,3.94805,1,2.81,5.61,15.736,1,5.61
5.63,2.82,3.9762,1,2.82,5.63,15.8484,1,5.63
5.65,2.83,4.00445,1,2.83,5.65,15.9612,1,5.65
5.67,2.84,4.0328,1,2.84,5.67,16.0744,1,5.67
5.69,2.85,4.06125,1,2.85,5.69,16.188,1,5.69
5.71,2.86,4.0898,1,2.86,5.71,16.302,1,5.71
5.73,2.87,4.11845,1,2.87,5.73,16.4164,1,5.73
5.75,2.88,4.1472,1,2.88,5.75,16.5312,1,5.75
5.77,2.89,4.17605,1,2.89,5.77,16.6464,1,5.77
5.79,2.9,4.205,1,2.9,5.79,16.762,1,5.79
5.81,2.91,4.23405,1,2.91,5.81,16.878,1,5.81
5.83,2.92,4.2632,1,2.92,5.83,16.9944,1,5.83
5.85,2.93,4.29245,1,2.93,5.85,17.1112,1,5.85
5.87,2.94,4.3218,1,2.94,5.87,17.2284,1,5.87
5.89,2.95,4.35125,1,2.95,5.89,17.346,1,5.89
5.91,2.96,4.3808,1,2.96,5.91,17.464,1,5.91
5.93,2.97,4.41045,1,2.97,5.93,17.5824,1,5.93
5.95,2.98,4.4402,1,2.98,5.95,17.7012,1,5.95
5.97,2.99,4.47005,1,2.99,5.97,17.8204,1,5.97
5.99,3,4.5,1,3,5.99,17.94,1,5.99
6.01,3.01,4.53005,1,3.01,6.01,18.06,1,6.01
6.03,3.02,4.5602,1,3.02,6.03,18.1804,1,6.03
6.05,3.03,4.59045,1,3.03,6.05,18.3012,1,6.05
6.07,3.04,4.6208,1,3.04,6.07,18.4224,1,6.07
6.09,3.05,4.65125,1,3.05,6.09,18.544,1,6.09
6.11,3.06,4.6818,1,3.06,6.11,18.666,1,6.11
6.13,3.07,4.71245,1,3.07,6.13,18.7884,1,6.13
6.15,3.08,4.7432,1,3.08,6.15,18.9112,1,6.15
6.17,3.09,4.77405,1,3.09,6.17,19.0344,1,6.17
6.19,3.1,4.805,1,3.1,6.19,19.158,1,6.19
6.21,3.11,4.83605,1,3.11,6.21,19.282,1,6.21
6.23,3.12,4.8672,1,3.12,6.23,19.4064,1,6.23
6.25,3.13,4.89845,1,3.13,6.25,19.5312,1,6.25
6.27,3.14,4.9298,1,3.14,6.27,19.6564,1,6.27
6.29,3.15,4.96125,1,3.15,6.29,19.782,1,6.29
6.31,3.16,4.9928,1,3.16,6.31,19.908,1,6.31
6.33,3.17,5.02445,1,3.17,6.33,20.0344,1,6.33
6.35,3.18,5.0562,1,3.18,6.35,20.1612,1,6.35
6.37,3.19,5.08805,1,3.19,6.37,20.2884,1,6.37
6.39,3.2,5.12,1,3.2,6.39,20.416,1,6.39
6.41,3.21,5.15205,1,3.21,6.41,20.544,1,6.41
6.43,3.22,5.1842,1,3.22,6.43,20.6724,1,6.43
6.45,3.23,5.21645,1,3.23,6.45,20.8012,1,6.45
6.47,3.24,5.2488,1,3.24,6.47,20.9304,1,6.47
6.49,3.25,5.28125,1,3.25,6.49,21.06,1,6.49
6.51,3.26,5.3138,1,3.26,6.51,21.19,1,6.51
6.53,3.27,5.34645,1,3.27,6.53,21.3204,1,6.53
6.55,3.28,5.3792,1,3.28,6.55,21.4512,1,6.55
6.57,3.29,5.41205,1,3.29,6.57,21.5824,1,6.57
6.59,3.3,5.445,1,3.3,6.59,21.714,1,6.59
6.61,3.31,5.47805,1,3.31,6.61,21.846,1,6.61
6.63,3.32,5.5112,1,3.32,6.63,21.9784,1,6.63
6.65,3.33,5.54445,1,3.33,6.65,22.1112,1,6.65
6.67,3.34,5.5778,1,3.34,6.67,22.2444,1,6.67
6.69,3.35,5.61125,1,3.35,6.69,22.378,1,6.69
6.71,3.36,5.6448,1,3.36,6.71,22.512,1,6.71
6.73,3.37,5.67845,1,3.37,6.73,22.6464,1,6.73
6.75,3.38,5.7122,1,3.38,6.75,22.7812,1,6.75
6.77,3.39,5.74605,1,3.39,6.77,22.9164,1,6.77
6.79,3.4,5.78,1,3.4,6.79,23.052,1,6.79
6.81,3.41,5.81405,1,3.41,6.81,23.188,1,6.81
6.83,3.42,5.8482,1,3.42,6.83,23.3244,1,6.83
6.85,3.43,5.88245,1,3.43,6.85,23.4612,1,6.85
6.87,3.44,5.9168,1,3.44,6.87,23.5984,1,6.87
6.89,3.45,5.95125,1,3.45,6.89,23.736,1,6.89
6.91,3.46,5.9858,1,3.46,6.91,23.874,1,6.91
6.93,3.47,6.02045,1,3.47,6.93,24.0124,1,6.93
6.95,3.48,6.0552,1,3.48,6.95,24.1512,1,6.95
6.97,3.49,6.09005,1,3.49,6.97,24.2904,1,6.97
6.99,3.5,6.125,1,3.5,6.99,24.43,1,6.99
7.01,3.51,6.16005,1,3.51,7.01,24.57,1,7.01
7.03,3.52,6.1952,1,3.52,7.03,24.7104,1,7.03
7.05,3.53,6.23045,1,3.53,7.05,24.8512,1,7.05
7.07,3.54,6.2658,1,3.54,7.07,24.9924,1,7.07
7.09,3.55,6.30125,1,3.55,7.09,25.134,1,7.09
7.11,3.56,6.3368,1,3.56,7.11,25.276,1,7.11
7.13,3.57,6.37245,1,3.57,7.13,25.4184,1,7.13
7.15,3.58,6.4082,1,3.58,7.15,25.5612,1,7.15
7.17,3.59,6.44405,1,3.59,7.17,25.7044,1,7.17
7.19,3.6,6.48,1,3.6,7.19,25.848,1,7.19
7.21,3.61,6.51605,1,3.61,7.21,25.992,1,7.21
7.23,3.62,6.5522,1,3.62,7.23,26.1364,1,7.23
7.25,3.63,6.58845,1,3.63,7.25,26.2812,1,7.25
7.27,3.64,6.6248,1,3.64,7.27,26.4264,1,7.27
7.29,3.65,6.66125,1,3.65,7.29,26.572,1,7.29
7.31,3.66,6.6978,1,3.66,7.31,26.718,1,7.31
7.33,3.67,6.73445,1,3.67,7.33,26.8644,1,7.33
7.35,3.68,6.7712,1,3.68,7.35,27.0112,1,7.35
7.37,3.69,6.80805,1,3.69,7.37,27.1584,1,7.37
7.39,3.7,6.845,1,3.7,7.39,27.306,1,7.39
7.41,3.71,6.88205,1,3.71,7.41,27.454,1,7.41
7.43,3.72,6.9192,1,3.72,7.43,27.6024,1,7.43
7.45,3.73,6.95645,1,3.73,7.45,27.7512,1,7.45
7.47,3.74,6.9938,1,3.74,7.47,27.9004,1,7.47
7.49,3.75,7.03125,1,3.75,7.49,28.05,1,7.49
7.51,3.76,7.0688,1,3.76,7.51,28.2,1,7.51
7.53,3.77,7.10645,1,3.77,7.53,28.3504,1,7.53
7.55,3.78,7.1442,1,3.78,7.55,28.5012,1,7.55
7.57,3.79,7.18205,1,3.79,7.57,28.6524,1,7.57
7.59,3.8,7.22,1,3.8,7.59,28.804,1,7.59
7.61,3.81,7.25805,1,3.81,7.61,28.956,1,7.61
7.63,3.82,7.2962,1,3.82,7.63,29.1084,1,7.63
7.65,3.83,7.33445,1,3.83,7.65,29.2612,1,7.65
7.67,3.84,7.3728,1,3.84,7.67,29.4144,1,7.67
7.69,3.85,7.41125,1,3.85,7.69,29.568,1,7.69
7.71,3.86,7.4498,1,3.86,7.71,29.722,1,7.71
7.73,3.87,7.48845,1,3.87,7.73,29.8764,1,7.73
7.75,3.88,7.5272,1,3.88,7.75,30.0312,1,7.75
7.77,3.89,7.56605,1,3.89,7.77,30.1864,1,7.77
7.79,3.9,7.605,1,3.9,7.79,30.342,1,7.79
7.81,3.91,7.64405,1,3.91,7.81,30.498,1,7.81
7.83,3.92,7.6832,1,3.92,7.83,30.6544,1,7.83
7.85,3.93,7.72245,1,3.93,7.85,30.8112,1,7.85
7.87,3.94,7.7618,1,3.94,7.87,30.9684,1,7.87
7.89,3.95,7.80125,1,3.95,7.89,31.126,1,7.89
7.91,3.96,7.8408,1,3.96,7.91,31.284,1,7.91
7.93,3.97,7.88045,1,3.97,7.93,31.4424,1,7.93
7.95,3.98,7.9202,1,3.98,7.95,31.6012,1,7.95
7.97,3.99,7.96005,1,3.99,7.97,31.7604,1,7.97
7.99,4,8,1,4,7.99,31.92,1,7.99
8.01,4.01,8.04005,1,4.01,8.01,32.08,1,8.01
8.03,4.02,8.0802,1,4.02,8.03,32.2404,1,8.03
8.05,4.03,8.12045,1,4.03,8.05,32.4012,1,8.05
8.07,4.04,8.1608,1,4.04,8.07,32.5624,1,8.07
8.09,4.05,8.20125,1,4.05,8.09,32.724,1,8.09
8.11,4.06,8.2418,1,4.06,8.11,32.886,1,8.11
8.13,4.07,8.28245,1,4.07,8.13,33.0484,1,8.13
8.15,4.08,8.3232,1,4.08,8.15,33.2112,1,8.15
8.17,4.09,8.36405,1,4.09,8.17,33.3744,1,8.17
8.19,4.1,8.405,1,4.1,8.19,33.538,1,8.19
8.21,4.11,8.44605,1,4.11,8.21,33.702,1,8.21
8.23,4.12,8.4872,1,4.12,8.23,33.8664,1,8.23
8.25,4.13,8.52845,1,4.13,8.25,34.0312,1,8.25
8.27,4.14,8.5698,1,4.14,8.27,34.1964,1,8.27
8.29,4.15,8.61125,1,4.15,8.29,34.362,1,8.29
8.31,4.16,8.6528,1,4.16,8.31,34.528,1,8.31
8.33,4.17,8.69445,1,4.17,8.33,34.6944,1,8.33
8.35,4.18,8.7362,1,4.18,8.35,34.8612,1,8.35
8.37,4.19,8.77805,1,4.19,8.37,35.0284,1,8.37
8.39,4.2,8.82,1,4.2,8.39,35.196,1,8.39
8.41,4.21,8.86205,1,4.21,8.41,35.364,1,8.41
8.43,4.22,8.9042,1,4.22,8.43,35.5324,1,8.43
8.45,4.23,8.94645,1,4.23,8.45,35.7012,1,8.45
8.47,4.24,8.9888,1,4.24,8.47,35.8704,1,8.47
8.49,4.25,9.03125,1,4.25,8.49,36.04,1,8.49
8.51,4.26,9.0738,1,4.26,8.51,36.21,1,8.51
8.53,4.27,9.11645,1,4.27,8.53,36.3804,1,8.53
8.55,4.28,9.1592,1,4.28,8.55,36.5512,1,8.55
8.57,4.29,9.20205,1,4.29,8.57,36.7224,1,8.57
8.59,4.3,9.245,1,4.3,8.59,36.894,1,8.59
8.61,4.31,9.28805,1,4.31,8.61,37.066,1,8.61
8.63,4.32,9.3312,1,4.32,8.63,37.2384,1,8.63
8.65,4.33,9.37445,1,4.33,8.65,37.4112,1,8.65
8.67,4.34,9.4178,1,4.34,8.67,37.5844,1,8.67
8.69,4.35,9.46125,1,4.35,8.69,37.758,1,8.69
8.71,4.36,9.5048,1,4.36,8.71,37.932,1,8.71
8.73,4.37,9.54845,1,4.37,8.73,38.1064,1,8.73
8.75,4.38,9.5922,1,4.38,8.75,38.2812,1,8.75
8.77,4.39,9.63605,1,4.39,8.77,38.4564,1,8.77
8.79,4.4,9.68,1,4.4,8.79,38.632,1,8.79
8.81,4.41,9.72405,1,4.41,8.81,38.808,1,8.81
8.83,4.42,9.7682,1,4.42,8.83,38.9844,1,8.83
8.85,4.43,9.81245,1,4.43,8.85,39.1612,1,8.85
8.87,4.44,9.8568,1,4.44,8.87,39.3384,1,8.87
8.89,4.45,9.90125,1,4.45,8.89,39.516,1,8.89
8.91,4.46,9.9458,1,4.46,8.91,39.694,1,8.91
8.93,4.47,9.99045,1,4.47,8.93,39.8724,1,8.93
8.95,4.48,10.0352,1,4.48,8.95,40.0512,1,8.95
8.97,4.49,10.08,1,4.49,8.97,40.2304,1,8.97
8.99,4.5,10.125,1,4.5,8.99,40.41,1,8.99
9.01,4.51,10.17,1,4.51,9.01,40.59,1,9.01
9.03,4.52,10.2152,1,4.52,9.03,40.7704,1,9.03
9.05,4.53,10.2604,1,4.53,9.05,40.9512,1,9.05
9.07,4.54,10.3058,1,4.54,9.07,41.1324,1,9.07
9.09,4.55,10.3512,1,4.55,9.09,41.314,1,9.09
9.11,4.56,10.3968,1,4.56,9.11,41.496,1,9.11
9.13,4.57,10.4424,1,4.57,9.13,41.6784,1,9.13
9.15,4.58,10.4882,1,4.58,9.15,41.8612,1,9.15
9.17,4.59,10.534,1,4.59,9.17,42.0444,1,9.17
9.19,4.6,10.58,1,4.6,9.19,42.228,1,9.19
9.21,4.61,10.626,1,4.61,9.21,42.412,1,9.21
9.23,4.62,10.6722,1,4.62,9.23,42.5964,1,9.23
9.25,4.63,10.7184,1,4.63,9.25,42.7812,1,9.25
9.27,4.64,10.7648,1,4.64,9.27,42.9664,1,9.27
9.29,4.65,10.8112,1,4.65,9.29,43.152,1,9.29
9.31,4.66,10.8578,1,4.66,9.31,43.338,1,9.31
9.33,4.67,10.9044,1,4.67,9.33,43.5244,1,9.33
9.35,4.68,10.9512,1,4.68,9.35,43.7112,1,9.35
9.37,4.69,10.998,1,4.69,9.37,43.8984,1,9.37
9.39,4.7,11.045,1,4.7,9.39,44.086,1,9.39
9.41,4.71,11.092,1,4.71,9.41,44.274,1,9.41
9.43,4.72,11.1392,1,4.72,9.43,44.4624,1,9.43
9.45,4.73,11.1864,1,4.73,9.45,44.6512,1,9.45
9.47,4.74,11.2338,1,4.74,9.47,44.8404,1,9.47
9.49,4.75,11.2812,1,4.75,9.49,45.03,1,9.49
9.51,4.76,11.3288,1,4.76,9.51,45.22,1,9.51
9.53,4.77,11.3764,1,4.77,9.53,45.4104,1,9.53
9.55,4.78,11.4242,1,4.78,9.55,45.6012,1,9.55
9.57,4.79,11.472,1,4.79,9.57,45.7924,1,9.57
9.59,4.8,11.52,1,4.8,9.59,45.984,1,9.59
9.61,4.81,11.568,1,4.81,9.61,46.176,1,9.61
9.63,4.82,11.6162,1,4.82,9.63,46.3684,1,9.63
9.65,4.83,11.6644,1,4.83,9.65,46.5612,1,9.65
9.67,4.84,11.7128,1,4.84,9.67,46.7544,1,9.67
9.69,4.85,11.7612,1,4.85,9.69,46.948,1,9.69
9.71,4.86,11.8098,1,4.86,9.71,47.142,1,9.71
9.73,4.87,11.8584,1,4.87,9.73,47.3364,1,9.73
9.75,4.88,11.9072,1,4.88,9.75,47.5312,1,9.75
9.77,4.89,11.956,1,4.89,9.77,47.7264,1,9.77
9.79,4.9,12.005,1,4.9,9.79,47.922,1,9.79
9.81,4.91,12.054,1,4.91,9.81,48.118,1,9.81
9.83,4.92,12.1032,1,4.92,9.83,48.3144,1,9.83
9.85,4.93,12.1524,1,4.93,9.85,48.5112,1,9.85
9.87,4.94,12.2018,1,4.94,9.87,48.7084,1,9.87
9.89,4.95,12.2512,1,4.95,9.89,48.906,1,9.89
9.91,4.96,12.3008,1,4.96,9.91,49.104,1,9.91
9.93,4.97,12.3504,1,4.97,9.93,49.3024,1,9.93
9.95,4.98,12.4002,1,4.98,9.95,49.5012,1,9.95
9.97,4.99,12.45,1,4.99,9.97,49.7004,1,9.97
9.99,5,12.5,1,5,9.99,49.9,1,9.99
10.01,5.01,12.55,1,5.01,10.01,50.1,1,10.01
10.03,5.02,12.6002,1,5.02,10.03,50.3004,1,10.03
10.05,5.03,12.6504,1,5.03,10.05,50.5012,1,10.05
10.07,5.04,12.7008,1,5.04,10.07,50.7024,1,10.07
10.09,5.05,12.7512,1,5.05,10.09,50.904,1,10.09
10.11,5.06,12.8018,1,5.06,10.11,51.106,1,10.11
10.13,5.07,12.8524,1,5.07,10.13,51.3084,1,10.13
10.15,5.08,12.9032,1,5.08,10.15,51.5112,1,10.15
10.17,5.09,12.954,1,5.09,10.17,51.7144,1,10.17
10.19,5.1,13.005,1,5.1,10.19,51.918,1,10.19
10.21,5.11,13.056,1,5.11,10.21,52.122,1,10.21
10.23,5.12,13.1072,1,5.12,10.23,52.3264,1,10.23
10.25,5.13,13.1584,1,5.13,10.25,52.5312,1,10.25
10.27,5.14,13.2098,1,5.14,10.27,52.7364,1,10.27
10.29,5.15,13.2612,1,5.15,10.29,52.942,1,10.29
10.31,5.16,13.3128,1,5.16,10.31,53.148,1,10.31
10.33,5.17,13.3644,1,5.17,10.33,53.3544,1,10.33
10.35,5.18,13.4162,1,5.18,10.35,53.5612,1,10.35
10.37,5.19,13.468,1,5.19,10.37,53.7684,1,10.37
10.39,5.2,13.52,1,5.2,10.39,53.976,1,10.39
10.41,5.21,13.572,1,5.21,10.41,54.184,1,10.41
10.43,5.22,13.6242,1,5.22,10.43,54.3924,1,10.43
10.45,5.23,13.6764,1,5.23,10.45,54.6012,1,10.45
10.47,5.24,13.7288,1,5.24,10.47,54.8104,1,10.47
10.49,5.25,13.7812,1,5.25,10.49,55.02,1,10.49
10.51,5.26,13.8338,1,5.26,10.51,55.23,1,10.51
10.53,5.27,13.8864,1,5.27,10.53,55.4404,1,10.53
10.55,5.28,13.9392,1,5.28,10.55,55.6512,1,10.55
10.57,5.29,13.992,1,5.29,10.57,55.8624,1,10.57
10.59,5.3,14.045,1,5.3,10.59,56.074,1,10.59
10.61,5.31,14.098,1,5.31,10.61,56.286,1,10.61
10.63,5.32,14.1512,1,5.32,10.63,56.4984,1,10.63
10.65,5.33,14.2044,1,5.33,10.65,56.7112,1,10.65
10.67,5.34,14.2578,1,5.34,10.67,56.9244,1,10.67
10.69,5.35,14.3112,1,5.35,10.69,57.138,1,10.69
10.71,5.36,14.3648,1,5.36,10.71,57.352,1,10.71
10.73,5.37,14.4184,1,5.37,10.73,57.5664,1,10.73
10.75,5.38,14.4722,1,5.38,10.75,57.7812,1,10.75
10.77,5.39,14.526,1,5.39,10.77,57.9964,1,10.77
10.79,5.4,14.58,1,5.4,10.79,58.212,1,10.79
10.81,5.41,14.634,1,5.41,10.81,58.428,1,10.81
10.83,5.42,14.6882,1,5.42,10.83,58.6444,1,10.83
10.85,5.43,14.7424,1,5.43,10.85,58.8612,1,10.85
10.87,5.44,14.7968,1,5.44,10.87,59.0784,1,10.87
10.89,5.45,14.8512,1,5.45,10.89,59.296,1,10.89
10.91,5.46,14.9058,1,5.46,10.91,59.514,1,10.91
10.93,5.47,14.9604,1,5.47,10.93,59.7324,1,10.93
10.95,5.48,15.0152,1,5.48,10.95,59.9512,1,10.95
10.97,5.49,15.07,1,5.49,10.97,60.1704,1,10.97
10.99,5.5,15.125,1,5.5,10.99,60.39,1,10.99
11.01,5.51,15.18,1,5.51,11.01,60.61,1,11.01
11.03,5.52,15.2352,1,5.52,11.03,60.8304,1,11.03
11.05,5.53,15.2904,1,5.53,11.05,61.0512,1,11.05
11.07,5.54,15.3458,1,5.54,11.07,61.2724,1,11.07
11.09,5.55,15.4012,1,5.55,11.09,61.494,1,11.09
11.11,5.56,15.4568,1,5.56,11.11,61.716,1,11.11
11.13,5.57,15.5124,1,5.57,11.13,61.9384,1,11.13
11.15,5.58,15.5682,1,5.58,11.15,62.1612,1,11.15
11.17,5.59,15.624,1,5.59,11.17,62.3844,1,11.17
11.19,5.6,15.68,1,5.6,11.19,62.608,1,11.19
11.21,5.61,15.736,1,5.61,11.21,62.832,1,11.21
11.23,5.62,15.7922,1,5.62,11.23,63.0564,1,11.23
11.25,5.63,15.8484,1,5.63,11.25,63.2812,1,11.25
11.27,5.64,15.9048,1,5.64,11.27,63.5064,1,11.27
11.29,5.65,15.9612,1,5.65,11.29,63.732,1,11.29
11.31,5.66,16.0178,1,5.66,11.31,63.958,1,11.31
11.33,5.67,16.0744,1,5.67,11.33,64.1844,1,11.33
11.35,5.68,16.1312,1,5.68,11.35,64.4112,1,11.35
11.37,5.69,16.188,1,5.69,11.37,64.6384,1,11.37
11.39,5.7,16.245,1,5.7,11.39,64.866,1,11.39
11.41,5.71,16.302,1,5.71,11.41,65.094,1,11.41
11.43,5.72,16.3592,1,5.72,11.43,65.3224,1,11.43
11.45,5.73,16.4164,1,5.73,11.45,65.5512,1,11.45
11.47,5.74,16.4738,1,5.74,11.47,65.7804,1,11.47
11.49,5.75,16.5312,1,5.75,11.49,66.01,1,11.49
11.51,5.76,16.5888,1,5.76,11.51,66.24,1,11.51
11.53,5.77,16.6464,1,5.77,11.53,66.4704,1,11.53
11.55,5.78,16.7042,1,5.78,11.55,66.7012,1,11.55
11.57,5.79,16.762,1,5.79,11.57,66.9324,1,11.57
11.59,5.8,16.82,1,5.8,11.59,67.164,1,11.59
11.61,5.81,16.878,1,5.81,11.61,67.396,1,11.61
11.63,5.82,16.9362,1,5.82,11.63,67.6284,1,11.63
11.65,5.83,16.9944,1,5.83,11.65,67.8612,1,11.65
11.67,5.84,17.0528,1,5.84,11.67,68.0944,1,11.67
11.69,5.85,17.1112,1,5.85,11.69,68.328,1,11.69
11.71,5.86,17.1698,1,5.86,11.71,68.562,1,11.71
11.73,5.87,17.2284,1,5.87,11.73,68.7964,1,11.73
11.75,5.88,17.2872,1,5.88,11.75,69.0312,1,11.75
11.77,5.89,17.346,1,5.89,11.77,69.2664,1,11.77
11.79,5.9,17.405,1,5.9,11.79,69.502,1,11.79
11.81,5.91,17.464,1,5.91,11.81,69.738,1,11.81
11.83,5.92,17.5232,1,5.92,11.83,69.9744,1,11.83
11.85,5.93,17.5824,1,5.93,11.85,70.2112,1,11.85
11.87,5.94,17.6418,1,5.94,11.87,70.4484,1,11.87
11.89,5.95,17.7012,1,5.95,11.89,70.686,1,11.89
11.91,5.96,17.7608,1,5.96,11.91,70.924,1,11.91
11.93,5.97,17.8204,1,5.97,11.93,71.1624,1,11.93
11.95,5.98,17.8802,1,5.98,11.95,71.4012,1,11.95
11.97,5.99,17.94,1,5.99,11.97,71.6404,1,11.97
11.99,6,18,1,6,11.99,71.88,1,11.99
12.01,6.01,18.06,1,6.01,12.01,72.12,1,12.01
12.03,6.02,18.1202,1,6.02,12.03,72.3604,1,12.03
12.05,6.03,18.1804,1,6.03,12.05,72.6012,1,12.05
12.07,6.04,18.2408,1,6.04,12.07,72.8424,1,12.07
12.09,6.05,18.3012,1,6.05,12.09,73.084,1,12.09
12.11,6.06,18.3618,1,6.06,12.11,73.326,1,12.11
12.13,6.07,18.4224,1,6.07,12.13,73.5684,1,12.13
12.15,6.08,18.4832,1,6.08,12.15,73.8112,1,12.15
12.17,6.09,18.544,1,6.09,12.17,74.0544,1,12.17
12.19,6.1,18.605,1,6.1,12.19,74.298,1,12.19
12.21,6.11,18.666,1,6.11,12.21,74.542,1,12.21
12.23,6.12,18.7272,1,6.12,12.23,74.7864,1,12.23
12.25,6.13,18.7884,1,6.13,12.25,75.0312,1,12.25
12.27,6.14,18.8498,1,6.14,12.27,75.2764,1,12.27
12.29,6.15,18.9112,1,6.15,12.29,75.522,1,12.29
12.31,6.16,18.9728,1,6.16,12.31,75.768,1,12.31
12.33,6.17,19.0344,1,6.17,12.33,76.0144,1,12.33
12.35,6.18,19.0962,1,6.18,12.35,76.2612,1,12.35
12.37,6.19,19.158,1,6.19,12.37,76.5084,1,12.37
12.39,6.2,19.22,1,6.2,12.39,76.756,1,12.39
12.41,6.21,19.282,1,6.21,12.41,77.004,1,12.41
12.43,6.22,19.3442,1,6.22,12.43,77.2524,1,12.43
12.45,6.23,19.4064,1,6.23,12.45,77.5012,1,12.45
12.47,6.24,19.4688,1,6.24,12.47,77.7504,1,12.47
12.49,6.25,19.5312,1,6.25,12.49,78,1,12.49
12.51,6.26,19.5938,1,6.26,12.51,78.25,1,12.51
12.53,6.27,19.6564,1,6.27,12.53,78.5004,1,12.53
12.55,6.28,19.7192,1,6.28,12.55,78.7512,1,12.55
12.57,6.29,19.782,1,6.29,12.57,79.0024,1,12.57
12.59,6.3,19.845,1,6.3,12.59,79.254,1,12.59
12.61,6.31,19.908,1,6.31,12.61,79.506,1,12.61
12.63,6.32,19.9712,1,6.32,12.63,79.7584,1,12.63
12.65,6.33,20.0344,1,6.33,12.65,80.0112,1,12.65
12.67,6.34,20.0978,1,6.34,12.67,80.2644,1,12.67
12.69,6.35,20.1612,1,6.35,12.69,80.518,1,12.69
12.71,6.36,20.2248,1,6.36,12.71,80.772,1,12.71
12.73,6.37,20.2884,1,6.37,12.73,81.0264,1,12.73
12.75,6.38,20.3522,1,6.38,12.75,81.2812,1,12.75
12.77,6.39,20.416,1,6.39,12.77,81.5364,1,12.77
12.79,6.4,20.48,1,6.4,12.79,81.792,1,12.79
12.81,6.41,20.544,1,6.41,12.81,82.048,1,12.81
12.83,6.42,20.6082,1,6.42,12.83,82.3044,1,12.83
12.85,6.43,20.6724,1,6.43,12.85,82.5612,1,12.85
12.87,6.44,20.7368,1,6.44,12.87,82.8184,1,12.87
12.89,6.45,20.8012,1,6.45,12.89,83.076,1,12.89
12.91,6.46,20.8658,1,6.46,12.91,83.334,1,12.91
12.93,6.47,20.9304,1,6.47,12.93,83.5924,1,12.93
12.95,6.48,20.9952,1,6.48,12.95,83.8512,1,12.95
12.97,6.49,21.06,1,6.49,12.97,84.1104,1,12.97
12.99,6.5,21.125,1,6.5,12.99,84.37,1,12.99
13.01,6.51,21.19,1,6.51,13.01,84.63,1,13.01
13.03,6.52,21.2552,1,6.52,13.03,84.8904,1,13.03
13.05,6.53,21.3204,1,6.53,13.05,85.1512,1,13.05
13.07,6.54,21.3858,1,6.54,13.07,85.4124,1,13.07
13.09,6.55,21.4512,1,6.55,13.09,85.674,1,13.09
13.11,6.56,21.5168,1,6.56,13.11,85.936,1,13.11
13.13,6.57,21.5824,1,6.57,13.13,86.1984,1,13.13
13.15,6.58,21.6482,1,6.58,13.15,86.4612,1,13.15
13.17,6.59,21.714,1,6.59,13.17,86.7244,1,13.17
13.19,6.6,21.78,1,6.6,13.19,86.988,1,13.19
13.21,6.61,21.846,1,6.61,13.21,87.252,1,13.21
13.23,6.62,21.9122,1,6.62,13.23,87.5164,1,13.23
13.25,6.63,21.9784,1,6.63,13.25,87.7812,1,13.25
13.27,6.64,22.0448,1,6.64,13.27,88.0464,1,13.27
13.29,6.65,22.1112,1,6.65,13.29,88.312,1,13.29
13.31,6.66,22.1778,1,6.66,13.31,88.578,1,13.31
13.33,6.67,22.2444,1,6.67,13.33,88.8444,1,13.33
13.35,6.68,22.3112,1,6.68,13.35,89.1112,1,13.35
13.37,6.69,22.378,1,6.69,13.37,89.3784,1,13.37
13.39,6.7,22.445,1,6.7,13.39,89.646,1,13.39
13.41,6.71,22.512,1,6.71,13.41,89.914,1,13.41
13.43,6.72,22.5792,1,6.72,13.43,90.1824,1,13.43
13.45,6.73,22.6464,1,6.73,13.45,90.4512,1,13.45
13.47,6.74,22.7138,1,6.74,13.47,90.7204,1,13.47
13.49,6.75,22.7812,1,6.75,13.49,90.99,1,13.49
13.51,6.76,22.8488,1,6.76,13.51,91.26,1,13.51
13.53,6.77,22.9164,1,6.77,13.53,91.5304,1,13.53
13.55,6.78,22.9842,1,6.78,13.55,91.8012,1,13.55
13.57,6.79,23.052,1,6.79,13.57,92.0724,1,13.57
13.59,6.8,23.12,1,6.8,13.59,92.344,1,13.59
13.61,6.81,23.188,1,6.81,13.61,92.616,1,13.61
13.63,6.82,23.2562,1,6.82,13.63,92.8884,1,13.63
13.65,6.83,23.3244,1,6.83,13.65,93.1612,1,13.65
13.67,6.84,23.3928,1,6.84,13.67,93.4344,1,13.67
13.69,6.85,23.4612,1,6.85,13.69,93.708,1,13.69
13.71,6.86,23.5298,1,6.86,13.71,93.982,1,13.71
13.73,6.87,23.5984,1,6.87,13.73,94.2564,1,13.73
13.75,6.88,23.6672,1,6.88,13.75,94.5312,1,13.75
13.77,6.89,23.736,1,6.89,13.77,94.8064,1,13.77
13.79,6.9,23.805,1,6.9,13.79,95.082,1,13.79
13.81,6.91,23.874,1,6.91,13.81,95.358,1,13.81
13.83,6.92,23.9432,1,6.92,13.83,95.6344,1,13.83
13.85,6.93,24.0124,1,6.93,13.85,95.9112,1,13.85
13.87,6.94,24.0818,1,6.94,13.87,96.1884,1,13.87
13.89,6.95,24.1512,1,6.95,13.89,96.466,1,13.89
13.91,6.96,24.2208,1,6.96,13.91,96.744,1,13.91
13.93,6.97,24.2904,1,6.97,13.93,97.0224,1,13.93
13.95,6.98,24.3602,1,6.98,13.95,97.3012,1,13.95
13.97,6.99,24.43,1,6.99,13.97,97.5804,1,13.97
13.99,7,24.5,1,7,13.99,97.86,1,13.99
14.01,7.01,24.57,1,7.01,14.01,98.14,1,14.01
14.03,7.02,24.6402,1,7.02,14.03,98.4204,1,14.03
14.05,7.03,24.7104,1,7.03,14.05,98.7012,1,14.05
14.07,7.04,24.7808,1,7.04,14.07,98.9824,1,14.07
14.09,7.05,24.8512,1,7.05,14.09,99.264,1,14.09
14.11,7.06,24.9218,1,7.06,14.11,99.546,1,14.11
14.13,7.07,24.9924,1,7.07,14.13,99.8284,1,14.13
14.15,7.08,25.0632,1,7.08,14.15,100.111,1,14.15
14.17,7.09,25.134,1,7.09,14.17,100.394,1,14.17
14.19,7.1,25.205,1,7.1,14.19,100.678,1,14.19
14.21,7.11,25.276,1,7.11,14.21,100.962,1,14.21
14.23,7.12,25.3472,1,7.12,14.23,101.246,1,14.23
14.25,7.13,25.4184,1,7.13,14.25,101.531,1,14.25
14.27,7.14,25.4898,1,7.14,14.27,101.816,1,14.27
14.29,7.15,25.5612,1,7.15,14.29,102.102,1,14.29
14.31,7.16,25.6328,1,7.16,14.31,102.388,1,14.31
14.33,7.17,25.7044,1,7.17,14.33,102.674,1,14.33
14.35,7.18,25.7762,1,7.18,14.35,102.961,1,14.35
14.37,7.19,25.848,1,7.19,14.37,103.248,1,14.37
14.39,7.2,25.92,1,7.2,14.39,103.536,1,14.39
14.41,7.21,25.992,1,7.21,14.41,103.824,1,14.41
14.43,7.22,26.0642,1,7.22,14.43,104.112,1,14.43
14.45,7.23,26.1364,1,7.23,14.45,104.401,1,14.45
14.47,7.24,26.2088,1,7.24,14.47,104.69,1,14.47
14.49,7.25,26.2812,1,7.25,14.49,104.98,1,14.49
14.51,7.26,26.3538,1,7.26,14.51,105.27,1,14.51
14.53,7.27,26.4264,1,7.27,14.53,105.56,1,14.53
14.55,7.28,26.4992,1,7.28,14.55,105.851,1,14.55
14.57,7.29,26.572,1,7.29,14.57,106.142,1,14.57
14.59,7.3,26.645,1,7.3,14.59,106.434,1,14.59
14.61,7.31,26.718,1,7.31,14.61,106.726,1,14.61
14.63,7.32,26.7912,1,7.32,14.63,107.018,1,14.63
14.65,7.33,26.8644,1,7.33,14.65,107.311,1,14.65
14.67,7.34,26.9378,1,7.34,14.67,107.604,1,14.67
14.69,7.35,27.0112,1,7.35,14.69,107.898,1,14.69
14.71,7.36,27.0848,1,7.36,14.71,108.192,1,14.71
14.73,7.37,27.1584,1,7.37,14.73,108.486,1,14.73
14.75,7.38,27.2322,1,7.38,14.75,108.781,1,14.75
14.77,7.39,27.306,1,7.39,14.77,109.076,1,14.77
14.79,7.4,27.38,1,7.4,14.79,109.372,1,14.79
14.81,7.41,27.454,1,7.41,14.81,109.668,1,14.81
14.83,7.42,27.5282,1,7.42,14.83,109.964,1,14.83
14.85,7.43,27.6024,1,7.43,14.85,110.261,1,14.85
14.87,7.44,27.6768,1,7.44,14.87,110.558,1,14.87
14.89,7.45,27.7512,1,7.45,14.89,110.856,1,14.89
14.91,7.46,27.8258,1,7.46,14.91,111.154,1,14.91
14.93,7.47,27.9004,1,7.47,14.93,111.452,1,14.93
14.95,7.48,27.9752,1,7.48,14.95,111.751,1,14.95
14.97,7.49,28.05,1,7.49,14.97,112.05,1,14.97
14.99,7.5,28.125,1,7.5,14.99,112.35,1,14.99
15.01,7.51,28.2,1,7.51,15.01,112.65,1,15.01
15.03,7.52,28.2752,1,7.52,15.03,112.95,1,15.03
15.05,7.53,28.3504,1,7.53,15.05,113.251,1,15.05
15.07,7.54,28.4258,1,7.54,15.07,113.552,1,15.07
15.09,7.55,28.5012,1,7.55,15.09,113.854,1,15.09
15.11,7.56,28.5768,1,7.56,15.11,114.156,1,15.11
15.13,7.57,28.6524,1,7.57,15.13,114.458,1,15.13
15.15,7.58,28.7282,1,7.58,15.15,114.761,1,15.15
15.17,7.59,28.804,1,7.59,15.17,115.064,1,15.17
15.19,7.6,28.88,1,7.6,15.19,115.368,1,15.19
15.21,7.61,28.956,1,7.61,15.21,115.672,1,15.21
15.23,7.62,29.0322,1,7.62,15.23,115.976,1,15.23
15.25,7.63,29.1084,1,7.63,15.25,116.281,1,15.25
15.27,7.64,29.1848,1,7.64,15.27,116.586,1,15.27
15.29,7.65,29.2612,1,7.65,15.29,116.892,1,15.29
15.31,7.66,29.3378,1,7.66,15.31,117.198,1,15.31
15.33,7.67,29.4144,1,7.67,15.33,117.504,1,15.33
15.35,7.68,29.4912,1,7.68,15.35,117.811,1,15.35
15.37,7.69,29.568,1,7.69,15.37,118.118,1,15.37
15.39,7.7,29.645,1,7.7,15.39,118.426,1,15.39
15.41,7.71,29.722,1,7.71,15.41,118.734,1,15.41
15.43,7.72,29.7992,1,7.72,15.43,119.042,1,15.43
15.45,7.73,29.8764,1,7.73,15.45,119.351,1,15.45
15.47,7.74,29.9538,1,7.74,15.47,119.66,1,15.47
15.49,7.75,30.0312,1,7.75,15.49,119.97,1,15.49
15.51,7.76,30.1088,1,7.76,15.51,120.28,1,15.51
15.53,7.77,30.1864,1,7.77,15.53,120.59,1,15.53
15.55,7.78,30.2642,1,7.78,15.55,120.901,1,15.55
15.57,7.79,30.342,1,7.79,15.57,121.212,1,15.57
15.59,7.8,30.42,1,7.8,15.59,121.524,1,15.59
15.61,7.81,30.498,1,7.81,15.61,121.836,1,15.61
15.63,7.82,30.5762,1,7.82,15.63,122.148,1,15.63
15.65,7.83,30.6544,1,7.83,15.65,122.461,1,15.65
15.67,7.84,30.7328,1,7.84,15.67,122.774,1,15.67
15.69,7.85,30.8112,1,7.85,15.69,123.088,1,15.69
15.71,7.86,30.8898,1,7.86,15.71,123.402,1,15.71
15.73,7.87,30.9684,1,7.87,15.73,123.716,1,15.73
15.75,7.88,31.0472,1,7.88,15.75,124.031,1,15.75
15.77,7.89,31.126,1,7.89,15.77,124.346,1,15.77
15.79,7.9,31.205,1,7.9,15.79,124.662,1,15.79
15.81,7.91,31.284,1,7.91,15.81,124.978,1,15.81
15.83,7.92,31.3632,1,7.92,15.83,125.294,1,15.83
15.85,7.93,31.4424,1,7.93,15.85,125.611,1,15.85
15.87,7.94,31.5218,1,7.94,15.87,125.928,1,15.87
15.89,7.95,31.6012,1,7.95,15.89,126.246,1,15.89
15.91,7.96,31.6808,1,7.96,15.91,126.564,1,15.91
15.93,7.97,31.7604,1,7.97,15.93,126.882,1,15.93
15.95,7.98,31.8402,1,7.98,15.95,127.201,1,15.95
15.97,7.99,31.92,1,7.99,15.97,127.52,1,15.97
15.99,8,32,1,8,15.99,127.84,1,15.99
16.01,8.01,32.08,1,8.01,16.01,128.16,1,16.01
16.03,8.02,32.1602,1,8.02,16.03,128.48,1,16.03
16.05,8.03,32.2404,1,8.03,16.05,128.801,1,16.05
16.07,8.04,32.3208,1,8.04,16.07,129.122,1,16.07
16.09,8.05,32.4012,1,8.05,16.09,129.444,1,16.09
16.11,8.06,32.4818,1,8.06,16.11,129.766,1,16.11
16.13,8.07,32.5624,1,8.07,16.13,130.088,1,16.13
16.15,8.08,32.6432,1,8.08,16.15,130.411,1,16.15
16.17,8.09,32.724,1,8.09,16.17,130.734,1,16.17
16.19,8.1,32.805,1,8.1,16.19,131.058,1,16.19
16.21,8.11,32.886,1,8.11,16.21,131.382,1,16.21
16.23,8.12,32.9672,1,8.12,16.23,131.706,1,16.23
16.25,8.13,33.0484,1,8.13,16.25,132.031,1,16.25
16.27,8.14,33.1298,1,8.14,16.27,132.356,1,16.27
16.29,8.15,33.2112,1,8.15,16.29,132.682,1,16.29
16.31,8.16,33.2928,1,8.16,16.31,133.008,1,16.31
16.33,8.17,33.3744,1,8.17,16.33,133.334,1,16.33
16.35,8.18,33.4562,1,8.18,16.35,133.661,1,16.35
16.37,8.19,33.538,1,8.19,16.37,133.988,1,16.37
16.39,8.2,33.62,1,8.2,16.39,134.316,1,16.39
16.41,8.21,33.702,1,8.21,16.41,134.644,1,16.41
16.43,8.22,33.7842,1,8.22,16.43,134.972,1,16.43
16.45,8.23,33.8664,1,8.23,16.45,135.301,1,16.45
16.47,8.24,33.9488,1,8.24,16.47,135.63,1,16.47
16.49,8.25,34.0312,1,8.25,16.49,135.96,1,16.49
16.51,8.26,34.1138,1,8.26,16.51,136.29,1,16.51
16.53,8.27,34.1964,1,8.27,16.53,136.62,1,16.53
16.55,8.28,34.2792,1,8.28,16.55,136.951,1,16.55
16.57,8.29,34.362,1,8.29,16.57,137.282,1,16.57
16.59,8.3,34.445,1,8.3,16.59,137.614,1,16.59
16.61,8.31,34.528,1,8.31,16.61,137.946,1,16.61
16.63,8.32,34.6112,1,8.32,16.63,138.278,1,16.63
16.65,8.33,34.6944,1,8.33,16.65,138.611,1,16.65
16.67,8.34,34.7778,1,8.34,16.67,138.944,1,16.67
16.69,8.35,34.8612,1,8.35,16.69,139.278,1,16.69
16.71,8.36,34.9448,1,8.36,16.71,139.612,1,16.71
16.73,8.37,35.0284,1,8.37,16.73,139.946,1,16.73
16.75,8.38,35.1122,1,8.38,16.75,140.281,1,16.75
16.77,8.39,35.196,1,8.39,16.77,140.616,1,16.77
16.79,8.4,35.28,1,8.4,16.79,140.952,1,16.79
16.81,8.41,35.364,1,8.41,16.81,141.288,1,16.81
16.83,8.42,35.4482,1,8.42,16.83,141.624,1,16.83
16.85,8.43,35.5324,1,8.43,16.85,141.961,1,16.85
16.87,8.44,35.6168,1,8.44,16.87,142.298,1,16.87
16.89,8.45,35.7012,1,8.45,16.89,142.636,1,16.89
16.91,8.46,35.7858,1,8.46,16.91,142.974,1,16.91
16.93,8.47,35.8704,1,8.47,16.93,143.312,1,16.93
16.95,8.48,35.9552,1,8.48,16.95,143.651,1,16.95
16.97,8.49,36.04,1,8.49,16.97,143.99,1,16.97
16.99,8.5,36.125,1,8.5,16.99,144.33,1,16.99
17.01,8.51,36.21,1,8.51,17.01,144.67,1,17.01
17.03,8.52,36.2952,1,8.52,17.03,145.01,1,17.03
17.05,8.53,36.3804,1,8.53,17.05,145.351,1,17.05
17.07,8.54,36.4658,1,8.54,17.07,145.692,1,17.07
17.09,8.55,36.5512,1,8.55,17.09,146.034,1,17.09
17.11,8.56,36.6368,1,8.56,17.11,146.376,1,17.11
17.13,8.57,36.7224,1,8.57,17.13,146.718,1,17.13
17.15,8.58,36.8082,1,8.58,17.15,147.061,1,17.15
17.17,8.59,36.894,1,8.59,17.17,147.404,1,17.17
17.19,8.6,36.98,1,8.6,17.19,147.748,1,17.19
17.21,8.61,37.066,1,8.61,17.21,148.092,1,17.21
17.23,8.62,37.1522,1,8.62,17.23,148.436,1,17.23
17.25,8.63,37.2384,1,8.63,17.25,148.781,1,17.25
17.27,8.64,37.3248,1,8.64,17.27,149.126,1,17.27
17.29,8.65,37.4112,1,8.65,17.29,149.472,1,17.29
17.31,8.66,37.4978,1,8.66,17.31,149.818,1,17.31
17.33,8.67,37.5844,1,8.67,17.33,150.164,1,17.33
17.35,8.68,37.6712,1,8.68,17.35,150.511,1,17.35
17.37,8.69,37.758,1,8.69,17.37,150.858,1,17.37
17.39,8.7,37.845,1,8.7,17.39,151.206,1,17.39
17.41,8.71,37.932,1,8.71,17.41,151.554,1,17.41
17.43,8.72,38.0192,1,8.72,17.43,151.902,1,17.43
17.45,8.73,38.1064,1,8.73,17.45,152.251,1,17.45
17.47,8.74,38.1938,1,8.74,17.47,152.6,1,17.47
17.49,8.75,38.2812,1,8.75,17.49,152.95,1,17.49
17.51,8.76,38.3688,1,8.76,17.51,153.3,1,17.51
17.53,8.77,38.4564,1,8.77,17.53,153.65,1,17.53
17.55,8.78,38.5442,1,8.78,17.55,154.001,1,17.55
17.57,8.79,38.632,1,8.79,17.57,154.352,1,17.57
17.59,8.8,38.72,1,8.8,17.59,154.704,1,17.59
17.61,8.81,38.808,1,8.81,17.61,155.056,1,17.61
17.63,8.82,38.8962,1,8.82,17.63,155.408,1,17.63
17.65,8.83,38.9844,1,8.83,17.65,155.761,1,17.65
17.67,8.84,39.0728,1,8.84,17.67,156.114,1,17.67
17.69,8.85,39.1612,1,8.85,17.69,156.468,1,17.69
17.71,8.86,39.2498,1,8.86,17.71,156.822,1,17.71
17.73,8.87,39.3384,1,8.87,17.73,157.176,1,17.73
17.75,8.88,39.4272,1,8.88,17.75,157.531,1,17.75
17.77,8.89,39.516,1,8.89,17.77,157.886,1,17.77
17.79,8.9,39.605,1,8.9,17.79,158.242,1,17.79
17.81,8.91,39.694,1,8.91,17.81,158.598,1,17.81
17.83,8.92,39.7832,1,8.92,17.83,158.954,1,17.83
17.85,8.93,39.8724,1,8.93,17.85,159.311,1,17.85
17.87,8.94,39.9618,1,8.94,17.87,159.668,1,17.87
17.89,8.95,40.0512,1,8.95,17.89,160.026,1,17.89
17.91,8.96,40.1408,1,8.96,17.91,160.384,1,17.91
17.93,8.97,40.2304,1,8.97,17.93,160.742,1,17.93
17.95,8.98,40.3202,1,8.98,17.95,161.101,1,17.95
17.97,8.99,40.41,1,8.99,17.97,161.46,1,17.97
17.99,9,40.5,1,9,17.99,161.82,1,17.99
18.01,9.01,40.59,1,9.01,18.01,162.18,1,18.01
18.03,9.02,40.6802,1,9.02,18.03,162.54,1,18.03
18.05,9.03,40.7704,1,9.03,18.05,162.901,1,18.05
18.07,9.04,40.8608,1,9.04,18.07,163.262,1,18.07
18.09,9.05,40.9512,1,9.05,18.09,163.624,1,18.09
18.11,9.06,41.0418,1,9.06,18.11,163.986,1,18.11
18.13,9.07,41.1324,1,9.07,18.13,164.348,1,18.13
18.15,9.08,41.2232,1,9.08,18.15,164.711,1,18.15
18.17,9.09,41.314,1,9.09,18.17,165.074,1,18.17
18.19,9.1,41.405,1,9.1,18.19,165.438,1,18.19
18.21,9.11,41.496,1,9.11,18.21,165.802,1,18.21
18.23,9.12,41.5872,1,9.12,18.23,166.166,1,18.23
18.25,9.13,41.6784,1,9.13,18.25,166.531,1,18.25
18.27,9.14,41.7698,1,9.14,18.27,166.896,1,18.27
18.29,9.15,41.8612,1,9.15,18.29,167.262,1,18.29
18.31,9.16,41.9528,1,9.16,18.31,167.628,1,18.31
18.33,9.17,42.0444,1,9.17,18.33,167.994,1,18.33
18.35,9.18,42.1362,1,9.18,18.35,168.361,1,18.35
18.37,9.19,42.228,1,9.19,18.37,168.728,1,18.37
18.39,9.2,42.32,1,9.2,18.39,169.096,1,18.39
18.41,9.21,42.412,1,9.21,18.41,169.464,1,18.41
18.43,9.22,42.5042,1,9.22,18.43,169.832,1,18.43
18.45,9.23,42.5964,1,9.23,18.45,170.201,1,18.45
18.47,9.24,42.6888,1,9.24,18.47,170.57,1,18.47
18.49,9.25,42.7812,1,9.25,18.49,170.94,1,18.49
18.51,9.26,42.8738,1,9.26,18.51,171.31,1,18.51
18.53,9.27,42.9664,1,9.27,18.53,171.68,1,18.53
18.55,9.28,43.0592,1,9.28,18.55,172.051,1,18.55
18.57,9.29,43.152,1,9.29,18.57,172.422,1,18.57
18.59,9.3,43.245,1,9.3,18.59,172.794,1,18.59
18.61,9.31,43.338,1,9.31,18.61,173.166,1,18.61
18.63,9.32,43.4312,1,9.32,18.63,173.538,1,18.63
18.65,9.33,43.5244,1,9.33,18.65,173.911,1,18.65
18.67,9.34,43.6178,1,9.34,18.67,174.284,1,18.67
18.69,9.35,43.7112,1,9.35,18.69,174.658,1,18.69
18.71,9.36,43.8048,1,9.36,18.71,175.032,1,18.71
18.73,9.37,43.8984,1,9.37,18.73,175.406,1,18.73
18.75,9.38,43.9922,1,9.38,18.75,175.781,1,18.75
18.77,9.39,44.086,1,9.39,18.77,176.156,1,18.77
18.79,9.4,44.18,1,9.4,18.79,176.532,1,18.79
18.81,9.41,44.274,1,9.41,18.81,176.908,1,18.81
18.83,9.42,44.3682,1,9.42,18.83,177.284,1,18.83
18.85,9.43,44.4624,1,9.43,18.85,177.661,1,18.85
18.87,9.44,44.5568,1,9.44,18.87,178.038,1,18.87
18.89,9.45,44.6512,1,9.45,18.89,178.416,1,18.89
18.91,9.46,44.7458,1,9.46,18.91,178.794,1,18.91
18.93,9.47,44.8404,1,9.47,18.93,179.172,1,18.93
18.95,9.48,44.9352,1,9.48,18.95,179.551,1,18.95
18.97,9.49,45.03,1,9.49,18.97,179.93,1,18.97
18.99,9.5,45.125,1,9.5,18.99,180.31,1,18.99
19.01,9.51,45.22,1,9.51,19.01,180.69,1,19.01
19.03,9.52,45.3152,1,9.52,19.03,181.07,1,19.03
19.05,9.53,45.4104,1,9.53,19.05,181.451,1,19.05
19.07,9.54,45.5058,1,9.54,19.07,181.832,1,19.07
19.09,9.55,45.6012,1,9.55,19.09,182.214,1,19.09
19.11,9.56,45.6968,1,9.56,19.11,182.596,1,19.11
19.13,9.57,45.7924,1,9.57,19.13,182.978,1,19.13
19.15,9.58,45.8882,1,9.58,19.15,183.361,1,19.15
19.17,9.59,45.984,1,9.59,19.17,183.744,1,19.17
19.19,9.6,46.08,1,9.6,19.19,184.128,1,19.19
19.21,9.61,46.176,1,9.61,19.21,184.512,1,19.21
19.23,9.62,46.2722,1,9.62,19.23,184.896,1,19.23
19.25,9.63,46.3684,1,9.63,19.25,185.281,1,19.25
19.27,9.64,46.4648,1,9.64,19.27,185.666,1,19.27
19.29,9.65,46.5612,1,9.65,19.29,186.052,1,19.29
19.31,9.66,46.6578,1,9.66,19.31,186.438,1,19.31
19.33,9.67,46.7544,1,9.67,19.33,186.824,1,19.33
19.35,9.68,46.8512,1,9.68,19.35,187.211,1,19.35
19.37,9.69,46.948,1,9.69,19.37,187.598,1,19.37
19.39,9.7,47.045,1,9.7,19.39,187.986,1,19.39
19.41,9.71,47.142,1,9.71,19.41,188.374,1,19.41
19.43,9.72,47.2392,1,9.72,19.43,188.762,1,19.43
19.45,9.73,47.3364,1,9.73,19.45,189.151,1,19.45
19.47,9.74,47.4338,1,9.74,19.47,189.54,1,19.47
19.49,9.75,47.5312,1,9.75,19.49,189.93,1,19.49
19.51,9.76,47.6288,1,9.76,19.51,190.32,1,19.51
19.53,9.77,47.7264,1,9.77,19.53,190.71,1,19.53
19.55,9.78,47.8242,1,9.78,19.55,191.101,1,19.55
19.57,9.79,47.922,1,9.79,19.57,191.492,1,19.57
19.59,9.8,48.02,1,9.8,19.59,191.884,1,19.59
19.61,9.81,48.118,1,9.81,19.61,192.276,1,19.61
19.63,9.82,48.2162,1,9.82,19.63,192.668,1,19.63
19.65,9.83,48.3144,1,9.83,19.65,193.061,1,19.65
19.67,9.84,48.4128,1,9.84,19.67,193.454,1,19.67
19.69,9.85,48.5112,1,9.85,19.69,193.848,1,19.69
19.71,9.86,48.6098,1,9.86,19.71,194.242,1,19.71
19.73,9.87,48.7084,1,9.87,19.73,194.636,1,19.73
19.75,9.88,48.8072,1,9.88,19.75,195.031,1,19.75
19.77,9.89,48.906,1,9.89,19.77,195.426,1,19.77
19.79,9.9,49.005,1,9.9,19.79,195.822,1,19.79
19.81,9.91,49.104,1,9.91,19.81,196.218,1,19.81
19.83,9.92,49.2032,1,9.92,19.83,196.614,1,19.83
19.85,9.93,49.3024,1,9.93,19.85,197.011,1,19.85
19.87,9.94,49.4018,1,9.94,19.87,197.408,1,19.87
19.89,9.95,49.5012,1,9.95,19.89,197.806,1,19.89
19.91,9.96,49.6008,1,9.96,19.91,198.204,1,19.91
19.93,9.97,49.7004,1,9.97,19.93,198.602,1,19.93
19.95,9.98,49.8002,1,9.98,19.95,199.001,1,19.95
19.97,9.99,49.9,1,9.99,19.97,199.4,1,19.97
19.99,10,50,1,10,19.99,199.8,1,19.99
